{
    "PAYTABLE" : 3,
    "GR_SKIN":
    [ 
		{ "name":"right.png", "x":244.25, "y":-12},
		{ "name":"top.png", "x":0, "y":149 },
	    { "name":"bottom.png", "x":0, "y":-160 },
        { "name":"left.png", "x":-247.25, "y":-12 }
     ],
    "GR_LINES":
    [
        { "name":"line.png", "x":131.25, "y":0 },
        { "name":"line.png", "x":43.75, "y":0 },
        { "name":"line.png", "x":-43.75, "y":0 },
        { "name":"line.png", "x":-131.25, "y":0 }
     ],
     "GR_FONBACK":{ "name":"fonFS.jpg", "x":0, "y":0 },
     "GR_FON":{ "name":"fon.jpg", "x":0, "y":0 },
    "GR_FEATURE":
    {
        "name" : "fon.png",
        "x" : -220,
        "y" : 0,
        "number" : 20,
        "ratecoin" : 0.2,
        "progress" : {"name":"bamboo.png", "x":0, "y":0, "direct":1},
        "coin_test" : {"x":0, "y":100},
        "num_test" : {"x":50, "y":-100}
    }
}