{
    "start_point":{ "x":12, "y":34},
    "tile":
    [
     {
     "name":"wild.jpg",
     "tag" : 16,
     "num" : 1,
     "effect" : 4,
     "animate" :
     {
     "name" : "wild_",
     "exe"  : ".jpg",
     "from" : 1,
     "to"   : 28,
     "reverse"     : true
     }
     },
     
     {
     "name":"tutle.png",
     "tag" : 1,
     "num" : 1,
     "effect" : 3,
     "value" :
     {
     "rule" : [3, 4, 5],
     "3" : 50,
     "4" : 150,
     "5" : 750
     }
     },
     
     {
     "name":"uglyfish.png",
     "tag" : 2,
     "num" : 1,
     "effect" : 3,
     "value" :
     {
     "rule" : [3, 4, 5],
     "3" : 30,
     "4" : 50,
     "5" : 300
     }
     },
     
     {
     "name":"simplefish.png",
     "tag" : 3,
     "num" : 1,
     "effect" : 3,
     "value" :
     {
     "rule" : [3, 4, 5],
     "3" : 15,
     "4" : 25,
     "5" : 100
     }
     },
     
     {
     "name":"fish.png",
     "tag" : 4,
     "num" : 1,
     "effect" : 4,
     "value" :
     {
     "rule" : [3, 4, 5],
     "3" : 15,
     "4" : 25,
     "5" : 100
     },
     "animate" :
     {
     "name" : "fish_",
     "exe"  : ".png",
     "from" : 1,
     "to"   : 28,
     "reverse"     : false
     }
     },
     
     {
     "name":"A.png",
     "tag" : 5,
     "num" : 1,
     "effect" : 3,
     "value" :
     {
     "rule" : [3, 4, 5],
     "3" : 10,
     "4" : 15,
     "5" : 50
     }
     },
     
     {
     "name":"K.png",
     "tag" : 6,
     "num" : 1,
     "effect" : 3,
     "value" :
     {
     "rule" : [3, 4, 5],
     "3" : 10,
     "4" : 15,
     "5" : 50
     }
     },
     
     {
     "name":"Q.png",
     "tag" : 7,
     "num" : 1,
     "effect" : 3,
     "value" :
     {
     "rule" : [3, 4, 5],
     "3" : 5,
     "4" : 10,
     "5" : 25
     }
     },
     
     {
     "name":"J.png",
     "tag" : 8,
     "num" : 1,
     "effect" : 3,
     "value" :
     {
     "rule" : [3, 4, 5],
     "3" : 5,
     "4" : 10,
     "5" : 25
     }
     },    
     {
     "name":"10.png",
     "tag" : 9,
     "num" : 1,
     "effect" : 3,
     "value" :
     {
     "rule" : [3, 4, 5],
     "3" : 5,
     "4" : 10,
     "5" : 25
     }
     },
     {
     "name":"hotfish.png",
     "tag" : 17,
     "num" : 1,
     "effect" : 2,
     "freespintime" : 7,
     "extraspintime" : 5,
     "value" :
     {
     "rule" : [3, 4, 5],
     "3" : 6,
     "4" : 9,
     "5" : 15
     }
     },
     
     {
     "name":"redaifish.png",
     "tag" : 18,
     "num" : 1,
     "effect" : 1,
     "bonustype" : 1,
     "value" :
     {
     "rule" : [3, 4, 5],
     "3" : 20,
     "4" : 30,
     "5" : 40
     }
     },

     {
     "name":"diamond.png",
     "tag" : 20,
     "num" : 1,
     "effect" : -1
     }
     
     ],
    "Column":
    [
     {
     "position":
     { "x":-163, "y":-110},
     "num":3,
     "FSMoveUp":true
     },
     {
     "position":
     { "x":-81.5, "y":-110},
     "num":3,
     "FSMoveUp":false
     },
     {
     "position":
     { "x":0, "y":-110},
     "num":3,
     "FSMoveUp":true
     },
     {
     "position":
     { "x":81.5, "y":-110},
     "num":3,
     "FSMoveUp":false
     },
     {
     "position":
     { "x":163, "y":-110},
     "num":3,
     "FSMoveUp":true
     }
     ],
    "lines":
    [
     {
     "color" : {"red": 255, "green": 255, "blue": 0},
     "num":
     [2,2,2,2,2]
     },
     {
     "color" : {"red": 64, "green": 0, "blue": 128},
     "num":
     [3,3,3,3,3]
     },
     {
     "color" : {"red": 255, "green": 128, "blue": 192},
     "num":
     [1,1,1,1,1]
     },
     {
     "color" : {"red": 128, "green": 128, "blue": 255},
     "num":
     [3,2,1,2,3]
     },
     {
     "color" : {"red": 128, "green": 0, "blue": 255},
     "num":
     [1,2,3,2,1]
     },
     {
     "color" : {"red": 0, "green": 255, "blue": 64},
     "num":
     [2,3,3,3,2]
     },
     {
     "color" : {"red": 128, "green": 255, "blue": 0},
     "num":
     [2,1,1,1,2]
     },
     {
     "color" : {"red": 128, "green": 128, "blue": 64},
     "num":
     [3,3,2,1,1]
     },
     {
     "color" : {"red": 0, "green": 128, "blue": 255},
     "num":
     [1,1,2,3,3]
     },
     {
     "color" : {"red": 255, "green": 128, "blue": 0},
     "num":
     [2,3,2,1,2]
     },
     {
     "color" : {"red": 0, "green": 128, "blue": 64},
     "num":
     [2,1,2,3,2]
     },
     {
     "color" : {"red": 0, "green": 128, "blue": 192},
     "num":
     [3,2,2,2,3]
     },
     {
     "color" : {"red": 217, "green": 0, "blue": 0},
     "num":
     [1,2,2,2,1]
     },
     {
     "color" : {"red": 128, "green": 0, "blue": 64},
     "num":
     [3,2,3,2,3]
     },
     {
     "color" : {"red": 64, "green": 0, "blue": 0},
     "num":
     [1,2,1,2,1]
     },
     {
     "color" : {"red": 0, "green": 255, "blue": 128},
     "num":
     [2,2,3,2,2]
     },
     {
     "color" : {"red": 255, "green": 128, "blue": 128},
     "num":
     [2,2,1,2,2]
     },
     {
     "color" : {"red": 128, "green": 0, "blue": 128},
     "num":
     [3,3,1,3,3]
     },
     {
     "color" : {"red": 255, "green": 255, "blue": 128},
     "num":
     [1,1,3,1,1]
     },
     {
     "color" : {"red": 0, "green": 128, "blue": 128},
     "num":
     [3,1,1,1,3]
     },
     {
     "color" : {"red": 255, "green": 128, "blue": 255},
     "num":
     [1,3,3,3,1]
     },
     {
     "color" : {"red": 0, "green": 128, "blue": 0},
     "num":
     [2,3,1,3,2]
     },
     {
     "color" : {"red": 0, "green": 255, "blue": 255},
     "num":
     [2,1,3,1,2]
     },
     {
     "color" : {"red": 0, "green": 0, "blue": 160},
     "num":
     [3,1,3,1,3]
     },
     {
     "color" : {"red": 128, "green": 64, "blue": 0},
     "num":
     [1,3,1,3,1]
     }
     ]
}