{
    "PAYTABLE" : 3,
    "GR_SKIN":
    [ 
		{ "name":"right.png", "x":224, "y":-10},
		{ "name":"top.png", "x":0, "y":141 },
	    { "name":"bottom.png", "x":0, "y":-149 },
        { "name":"left.png", "x":-223, "y":-10 }
     ],
    "GR_LINES":
    [
        { "name":"line.png", "x":122.25, "y":12 },
        { "name":"line.png", "x":40.75, "y":12 },
        { "name":"line.png", "x":-40.75, "y":12 },
        { "name":"line.png", "x":-122.25, "y":12 }
     ],
     "GR_FONBACK":{ "name":"fon_back.png", "x":0, "y":2 },
     "GR_FON":{ "name":"fon_back.png", "x":0, "y":2 },
    "GR_FEATURE":
    {
        "name" : "fon.png",
        "x" : -220,
        "y" : 0,
        "number" : 20,
        "ratecoin" : 0.2,
        "progress" : {"name":"bamboo.png", "x":0, "y":0, "direct":1},
        "coin_test" : {"x":0, "y":100},
        "num_test" : {"x":50, "y":-100}
    }
}