{
    "PAYTABLE" : 2,
    "GR_SKIN":
    [ 
		{ "name":"right.png", "x":235.5, "y":-12},
		{ "name":"top.png", "x":0, "y":126.5 },
	    { "name":"bottom.png", "x":0, "y":-138.5 },
        { "name":"left.png", "x":-239.5, "y":-12 }
     ],
    "GR_LINES":
    [
        { "name":"line.png", "x":133, "y":12 },
        { "name":"line.png", "x":45, "y":12 },
        { "name":"line.png", "x":-43.5, "y":12 },
        { "name":"line.png", "x":-130.5, "y":12 }
     ],
     "GR_FONBACK":{ "name":"fon_back.png", "x":-3, "y":0 },
     "GR_FON":{ "name":"fon.png", "x":-3, "y":0 },

     "GR_COLLECT":
    [
        { 
		"name":"grand", 
		"number":2500,
        "ratecoin" : 0.1,
		"x":-180,
		"y":110,
		"fon": {"name":"fon.png", "x":0, "y":-5},
		"fon_text": {"name":"FON_TEXT.png", "x":1, "y":0},
		"help": {"name":"HELP.png", "x":-150, "y":70}
	},
	{ 
		"name":"maxi", 
		"number":750,
        "ratecoin" : 0.1,
		"x":180,
		"y":110,
		"fon": {"name":"fon.png", "x":0, "y":-5},
		"fon_text": {"name":"FON_TEXT.png", "x":-1, "y":0},
		"help": {"name":"HELP.png", "x":150, "y":70}
	},
     {
     "name":"minor",
     "number":750,
     "ratecoin" : 0.1,
     "x":-180,
     "y":-110,
     "fon": {"name":"fon.png", "x":0, "y":-5},
     "fon_text": {"name":"FON_TEXT.png", "x":1, "y":0},
     "help": {"name":"HELP.png", "x":-150, "y":-70}
     },
        { 
		"name":"mini", 
		"number":160,
        "ratecoin" : 0.1,
		"x":180,
		"y":-110,
		"fon": {"name":"fon.png", "x":0, "y":-5},
		"fon_text": {"name":"FON_TEXT.png", "x":-1, "y":0},
		"help": {"name":"HELP.png", "x":150, "y":-70}
	}
     ]
}