{
    "start_point":{ "x":12, "y":34},
    "tile":
    [
     {
     "name":"panda.jpg",
     "tag" : 16,
     "num" : 1,
     "effect" : 4,
     "animate" :
     {
     "name" : "pandarotate_000",
     "exe"  : ".jpg",
     "from" : 1,
     "to"   : 28,
     "reverse"     : true
     }
     },
     {
     "name":"coin.png",
     "tag" : 1,
     "num" : 1,
     "effect" : 4,
     "value" :
     {
     "rule" : [3, 4, 5],
     "3" : 50,
     "4" : 150,
     "5" : 800
     },
     "animate" :
     {
     "name" : "coin_000",
     "exe"  : ".png",
     "from" : 1,
     "to"   : 28,
     "reverse"     : false
     }
     },
     {
     "name":"lotus.png",
     "tag" : 2,
     "num" : 1,
     "effect" : 3,
     "value" :
     {
     "rule" : [3, 4, 5],
     "3" : 30,
     "4" : 60,
     "5" : 400
     }
     },
     {
     "name":"feature.jpg",
     "tag" : 3,
     "num" : 1,
     "effect" : 4,
     "value" :
     {
     "rule" : [3, 4, 5],
     "3" : 15,
     "4" : 30,
     "5" : 100
     },
     "animate" :
     {
     "name" : "hie18_000",
     "exe"  : ".jpg",
     "from" : 1,
     "to"   : 28,
     "reverse"     : false
     }
     },
     {
     "name":"ingyang.jpg",
     "tag" : 4,
     "num" : 1,
     "effect" : 4,
     "value" :
     {
     "rule" : [3, 4, 5],
     "3" : 15,
     "4" : 30,
     "5" : 100
     },
     "animate" :
     {
     "name" : "Ingyang15b_000",
     "exe"  : ".jpg",
     "from" : 1,
     "to"   : 28,
     "reverse"     : true
     }
     },
     {
     "name":"10.png",
     "tag" : 5,
     "num" : 1,
     "effect" : 3,
     "value" :
     {
     "rule" : [3, 4, 5],
     "3" : 10,
     "4" : 20,
     "5" : 50
     }
     },
     {
     "name":"A.png",
     "tag" : 6,
     "num" : 1,
     "effect" : 3,
     "value" :
     {
     "rule" : [3, 4, 5],
     "3" : 10,
     "4" : 20,
     "5" : 50
     }
     },
     
     {
     "name":"K.png",
     "tag" : 7,
     "num" : 1,
     "effect" : 3,
     "value" :
     {
     "rule" : [3, 4, 5],
     "3" : 5,
     "4" : 15,
     "5" : 30
     }
     },
     
     {
     "name":"Q.png",
     "tag" : 8,
     "num" : 1,
     "effect" : 3,
     "value" :
     {
     "rule" : [3, 4, 5],
     "3" : 5,
     "4" : 15,
     "5" : 30
     }
     },
     
     {
     "name":"J.png",
     "tag" : 9,
     "num" : 1,
     "effect" : 3,
     "value" :
     {
     "rule" : [3, 4, 5],
     "3" : 5,
     "4" : 15,
     "5" : 30
     }
     },
     {
     "name":"frame.png",
     "tag" : 17,
     "num" : 1,
     "effect" : 2,
     "freespintime" : 5,
     "extraspintime" : 3,
     "value" :
     {
     "rule" : [3, 4, 5],
     "3" : 8,
     "4" : 12,
     "5" : 20
     }
     },
     
     {
     "name":"chest.png",
     "tag" : 18,
     "num" : 1,
     "effect" : 1,
     "bonustype" : 4,
     "value" :
     {
     "rule" : [3, 4, 5],
     "3" : 20,
     "4" : 30,
     "5" : 40
     }
     },
{
     "name":"collect.png",
     "tag" : 19,
     "num" : 1,
     "effect" : -1
     },

     {
     "name":"diamond.png",
     "tag" : 20,
     "num" : 1,
     "effect" : -1
     }
     
     ],
    "Column":
    [
     {
     "position":
     { "x":-175, "y":-120},
     "num":3,
     "FSMoveUp":true
     },
     {
     "position":
     { "x":-87.5, "y":-120},
     "num":4,
     "FSMoveUp":false
     },
     {
     "position":
     { "x":0, "y":-120},
     "num":4,
     "FSMoveUp":false
     },
     {
     "position":
     { "x":87.5, "y":-120},
     "num":4,
     "FSMoveUp":false
     },
     {
     "position":
     { "x":175, "y":-120},
     "num":3,
     "FSMoveUp":true
     }
     ],
    "lines":
    [
		{
     "color" : {"red": 255, "green": 255, "blue": 0},
     "num":
     [3,4,4,4,3]
     },
     {
     "color" : {"red": 64, "green": 0, "blue": 128},
     "num":
     [1,1,1,1,1]
     },
     {
     "color" : {"red": 255, "green": 128, "blue": 192},
     "num":
     [2,3,3,3,2]
     },
     {
     "color" : {"red": 128, "green": 128, "blue": 255},
     "num":
     [2,2,2,2,2]
     },
     {
     "color" : {"red": 128, "green": 0, "blue": 255},
     "num":
     [3,2,1,2,3]
     },
     {
     "color" : {"red": 0, "green": 255, "blue": 64},
     "num":
     [1,3,4,3,1]
     },
     {
     "color" : {"red": 128, "green": 255, "blue": 0},
     "num":
     [3,3,2,3,3]
     },
     {
     "color" : {"red": 128, "green": 128, "blue": 64},
     "num":
     [1,2,3,2,1]
     },
     {
     "color" : {"red": 0, "green": 128, "blue": 255},
     "num":
     [3,2,4,2,3]
     },
     {
     "color" : {"red": 255, "green": 128, "blue": 0},
     "num":
     [1,3,1,3,1]
     },
     {
     "color" : {"red": 0, "green": 128, "blue": 64},
     "num":
     [2,4,4,4,2]
     },
     {
     "color" : {"red": 0, "green": 128, "blue": 192},
     "num":
     [2,1,1,1,2]
     },
     {
     "color" : {"red": 217, "green": 0, "blue": 0},
     "num":
     [2,3,4,3,2]
     },
     {
     "color" : {"red": 128, "green": 0, "blue": 64},
     "num":
     [2,2,1,2,2]
     },
     {
     "color" : {"red": 64, "green": 0, "blue": 0},
     "num":
     [3,3,4,3,3]
     },
     {
     "color" : {"red": 0, "green": 255, "blue": 128},
     "num":
     [1,2,1,2,1]
     },
     {
     "color" : {"red": 255, "green": 128, "blue": 128},
     "num":
     [2,4,1,4,2]
     },
     {
     "color" : {"red": 128, "green": 0, "blue": 128},
     "num":
     [2,1,4,1,2]
     },
     {
     "color" : {"red": 255, "green": 255, "blue": 128},
     "num":
     [3,3,3,3,3]
     },
     {
     "color" : {"red": 0, "green": 128, "blue": 128},
     "num":
     [1,2,2,2,1]
     },
     {
     "color" : {"red": 255, "green": 128, "blue": 255},
     "num":
     [3,1,4,1,3]
     },
     {
     "color" : {"red": 0, "green": 128, "blue": 0},
     "num":
     [1,4,1,4,1]
     },
     {
     "color" : {"red": 0, "green": 255, "blue": 255},
     "num":
     [2,3,2,3,2]
     },
     {
     "color" : {"red": 0, "green": 0, "blue": 160},
     "num":
     [2,2,3,2,2]
     },
     {
     "color" : {"red": 128, "green": 64, "blue": 0},
     "num":
     [3,2,2,2,3]
     },
     {
     "color" : {"red": 0, "green": 0, "blue": 250},
     "num":
     [1,3,3,3,1]
     },
     {
     "color" : {"red": 198, "green": 0, "blue": 99},
     "num":
     [3,4,1,4,3]
     },
     {
     "color" : {"red": 128, "green": 128, "blue": 192},
     "num":
     [1,1,4,1,1]
     },
     {
     "color" : {"red": 202, "green": 101, "blue": 0},
     "num":
     [3,2,3,2,3]
     },
     {
     "color" : {"red": 45, "green": 255, "blue": 45},
     "num":
     [1,3,2,3,1]
     }    
     ]
}