{
    "PAYTABLE" : 3,
    "GR_SKIN":
    [ 
		{ "name":"right.png", "x":244.25, "y":-12},
		{ "name":"top.png", "x":0, "y":149 },
	    { "name":"bottom.png", "x":0, "y":-160 },
        { "name":"left.png", "x":-247.25, "y":-12 }
     ],
    "GR_LINES":
    [
        { "name":"line.png", "x":131.25, "y":0 },
        { "name":"line.png", "x":43.75, "y":0 },
        { "name":"line.png", "x":-43.75, "y":0 },
        { "name":"line.png", "x":-131.25, "y":0 }
     ],
     "GR_FONBACK":{ "name":"fonFS.jpg", "x":0, "y":0 },
     "GR_FON":{ "name":"fon.jpg", "x":0, "y":0 },
     "GR_COLLECT":
    [
	{ 
		"name":"maxi", 
		"number":750,
        "ratecoin" : 0.1,
		"x":180,
		"y":110,
		"fon": {"name":"fon.png", "x":0, "y":-5},
		"fon_text": {"name":"FON_TEXT.png", "x":-1, "y":0},
		"help": {"name":"HELP.png", "x":150, "y":70}
	},
     {
     "name":"minor",
     "number":750,
     "ratecoin" : 0.1,
     "x":-180,
     "y":-110,
     "fon": {"name":"fon.png", "x":0, "y":-5},
     "fon_text": {"name":"FON_TEXT.png", "x":1, "y":0},
     "help": {"name":"HELP.png", "x":-150, "y":-70}
     }
     ]
}