{
    "start_point":{ "x":12, "y":34},
    "tile":
    [
     {
     "name":"chinese_guy.png",
     "tag" : 16,
     "num" : 1,
     "effect" : 4,
     "animate" :
     {
     "name" : "CHINESE_GUY_000",
     "exe"  : ".png",
     "from" : 1,
     "to"   : 28,
     "reverse"     : true
     }
     },
     
     {
     "name":"coin.png",
     "tag" : 1,
     "num" : 1,
     "effect" : 4,
     "value" :
     {
     "rule" : [3, 4, 5],
     "3" : 50,
     "4" : 150,
     "5" : 800
     },
     "animate" :
     {
     "name" : "coinAnim_",
     "exe"  : ".png",
     "from" : 1,
     "to"   : 24,
     "reverse"     : false
     }
     },
     {
     "name":"fish.png",
     "tag" : 2,
     "num" : 1,
     "effect" : 3,
     "value" :
     {
     "rule" : [3, 4, 5],
     "3" : 30,
     "4" : 60,
     "5" : 400
     }
     },
     
     {
     "name":"lotus.jpg",
     "tag" : 3,
     "num" : 1,
     "effect" : 4,
     "value" :
     {
     "rule" : [3, 4, 5],
     "3" : 15,
     "4" : 30,
     "5" : 100
     },
     "animate" :
     {
     "name" : "lotus_000",
     "exe"  : ".jpg",
     "from" : 1,
     "to"   : 28,
     "reverse"     : false
     }
     },
     {
     "name":"chengbao.jpg",
     "tag" : 4,
     "num" : 1,
     "effect" : 4,
     "value" :
     {
     "rule" : [3, 4, 5],
     "3" : 15,
     "4" : 30,
     "5" : 100
     },
     "animate" :
     {
     "name" : "chengbao_000",
     "exe"  : ".jpg",
     "from" : 1,
     "to"   : 28,
     "reverse"     : false
     }
     },
     {
     "name":"A.png",
     "tag" : 5,
     "num" : 1,
     "effect" : 3,
     "value" :
     {
     "rule" : [3, 4, 5],
     "3" : 10,
     "4" : 20,
     "5" : 50
     }
     },
     
     {
     "name":"K.png",
     "tag" : 6,
     "num" : 1,
     "effect" : 3,
     "value" :
     {
     "rule" : [3, 4, 5],
     "3" : 10,
     "4" : 20,
     "5" : 50
     }
     },
     
     {
     "name":"Q.png",
     "tag" : 7,
     "num" : 1,
     "effect" : 3,
     "value" :
     {
     "rule" : [3, 4, 5],
     "3" : 5,
     "4" : 15,
     "5" : 30
     }
     },
     {
     "name":"J.png",
     "tag" : 8,
     "num" : 1,
     "effect" : 3,
     "value" :
     {
     "rule" : [3, 4, 5],
     "3" : 5,
     "4" : 15,
     "5" : 30
     }
     },
     {
     "name":"10.png",
     "tag" : 9,
     "num" : 1,
     "effect" : 3,
     "value" :
     {
     "rule" : [3, 4, 5],
     "3" : 5,
     "4" : 15,
     "5" : 30
     }
     },
     {
     "name":"seal.png",
     "tag" : 17,
     "num" : 1,
     "effect" : 2,
     "freespintime" : 7,
     "extraspintime" : 5,
     "value" :
     {
     "rule" : [3, 4, 5],
     "3" : 8,
     "4" : 12,
     "5" : 20
     }
     },
     {
     "name":"wangyuan.png",
     "tag" : 18,
     "num" : 1,
     "effect" : 1,
     "bonustype" : 3,
     "value" :
     {
     "rule" : [3, 4, 5],
     "3" : 20,
     "4" : 30,
     "5" : 40
     }
     },
     {
     "name":"collect.png",
     "tag" : 19,
     "num" : 1,
     "effect" : -1
     },
     {
     "name":"diamond.png",
     "tag" : 20,
     "num" : 1,
     "effect" : -1
     }
     ],
    "Column":
    [
     {
     "position":
     { "x":-174, "y":-76},
     "num":3,
     "FSMoveUp":true
     },
     {
     "position":
     { "x":-87, "y":-101},
     "num":4,
     "FSMoveUp":false
     },
     {
     "position":
     { "x":0, "y":-125},
     "num":5,
     "FSMoveUp":true
     },
     {
     "position":
     { "x":87, "y":-101},
     "num":4,
     "FSMoveUp":false
     },
     {
     "position":
     { "x":174, "y":-76},
     "num":3,
     "FSMoveUp":true
     }
     ],
    "lines":
    [
     {
     "color" : {"red": 255, "green": 255, "blue": 0},
     "num":
     [3,4,5,4,3]
     },
     {
     "color" : {"red": 64, "green": 0, "blue": 128},
     "num":
     [1,1,1,1,1]
     },
     {
     "color" : {"red": 255, "green": 128, "blue": 192},
     "num":
     [2,3,4,3,2]
     },
     {
     "color" : {"red": 128, "green": 128, "blue": 255},
     "num":
     [2,2,2,2,2]
     },
     {
     "color" : {"red": 128, "green": 0, "blue": 255},
     "num":
     [3,3,3,3,3]
     },
     {
     "color" : {"red": 0, "green": 255, "blue": 64},
     "num":
     [1,2,3,2,1]
     },
     {
     "color" : {"red": 128, "green": 255, "blue": 0},
     "num":
     [3,4,4,3,2]
     },
     {
     "color" : {"red": 128, "green": 128, "blue": 64},
     "num":
     [1,1,2,2,2]
     },
     {
     "color" : {"red": 0, "green": 128, "blue": 255},
     "num":
     [3,3,4,3,3]
     },
     {
     "color" : {"red": 255, "green": 128, "blue": 0},
     "num":
     [1,2,2,2,1]
     },
     {
     "color" : {"red": 0, "green": 128, "blue": 64},
     "num":
     [2,3,3,3,3]
     },
     {
     "color" : {"red": 0, "green": 128, "blue": 192},
     "num":
     [2,2,3,2,1]
     },
     {
     "color" : {"red": 217, "green": 0, "blue": 0},
     "num":
     [3,4,1,1,1]
     },
     {
     "color" : {"red": 128, "green": 0, "blue": 64},
     "num":
     [1,1,5,4,3]
     },
     {
     "color" : {"red": 64, "green": 0, "blue": 0},
     "num":
     [2,3,5,4,3]
     },
     {
     "color" : {"red": 0, "green": 255, "blue": 128},
     "num":
     [2,2,1,1,1]
     },
     {
     "color" : {"red": 255, "green": 128, "blue": 128},
     "num":
     [3,4,2,4,3]
     },
     {
     "color" : {"red": 128, "green": 0, "blue": 128},
     "num":
     [1,1,4,1,1]
     },
     {
     "color" : {"red": 255, "green": 255, "blue": 128},
     "num":
     [3,2,3,2,3]
     },
     {
     "color" : {"red": 0, "green": 128, "blue": 128},
     "num":
     [1,3,3,3,1]
     },
     {
     "color" : {"red": 255, "green": 128, "blue": 255},
     "num":
     [3,1,5,1,3]
     },
     {
     "color" : {"red": 0, "green": 128, "blue": 0},
     "num":
     [1,4,1,4,1]
     },
     {
     "color" : {"red": 0, "green": 255, "blue": 255},
     "num":
     [2,4,3,4,2]
     },
     {
     "color" : {"red": 0, "green": 0, "blue": 160},
     "num":
     [2,1,3,1,2]
     },
     {
     "color" : {"red": 128, "green": 64, "blue": 0},
     "num":
     [3,3,2,2,1]
     },
     {
     "color" : {"red": 0, "green": 0, "blue": 250},
     "num":
     [1,2,4,3,3]
     },
     {
     "color" : {"red": 198, "green": 0, "blue": 99},
     "num":
     [3,1,2,2,2]
     },
     {
     "color" : {"red": 128, "green": 128, "blue": 192},
     "num":
     [1,4,4,3,2]
     },
     {
     "color" : {"red": 202, "green": 101, "blue": 0},
     "num":
     [2,4,1,4,2]
     },
     {
     "color" : {"red": 45, "green": 255, "blue": 45},
     "num":
     [2,1,5,1,2]
     }    
     ]
}